{
  "transform_matrix": [
    [
      1.9052489715636391,
      -0.031676880806583735,
      544.7000418699505
    ],
    [
      0.08219237668522532,
      1.705044311349536,
      140.99942163715886
    ],
    [
      5.841770968314278e-05,
      0.00011104830591757648,
      1.0
    ]
  ],
  "rgb_shape": [
    1080,
    1920
  ],
  "number_of_points": 10,
  "number_of_inliers": 5
}