{
  "transform_matrix": [
    [
      1.7211039507765493,
      0.043732680759006035,
      513.6467869905995
    ],
    [
      0.09239469952464463,
      1.636818734321844,
      146.5408118520468
    ],
    [
      4.4970548089674264e-05,
      -1.274428073229784e-06,
      1.0
    ]
  ],
  "rgb_shape": [
    1080,
    1920
  ],
  "number_of_points": 10,
  "number_of_inliers": 6
}